region,date_week,pred_conc_log_model,pred_conc
강원,2026-W27,1.507743439702959,31.191665006715162
경기,2026-W27,2.916229187204177,823.5731464622708
경남,2026-W27,3.6606414216050185,4576.637746534372
경북,2026-W27,2.267045126355269,183.94607814205807
광주,2026-W27,2.872453093897004,744.5093487233509
대구,2026-W27,2.7335365592307355,540.4228233381326
대전,2026-W27,3.1837678585730407,1525.749753583508
부산,2026-W27,2.8301362815753524,675.2951634687402
서울,2026-W27,2.604681074349852,401.4214062438485
세종,2026-W27,3.2489875957310916,1773.1388074184842
울산,2026-W27,3.7579048264649977,5725.705192594314
인천,2026-W27,2.416819658928894,260.10768778479706
전남,2026-W27,2.159546504548228,143.39312131482413
전북,2026-W27,3.0208691847028506,1048.2263400655543
제주,2026-W27,2.1791319409949232,150.05389943167134
충남,2026-W27,3.4089966106391816,2563.4640226143456
충북,2026-W27,2.590803720401425,388.76579202800184
강원,2026-W28,2.3641974805215753,230.31163614118384
경기,2026-W28,3.092551947525036,1236.5192052060581
경남,2026-W28,3.707191639649724,5094.556713540727
경북,2026-W28,2.2622153044523965,181.90067339848244
광주,2026-W28,3.176708050530215,1501.1318357561981
대구,2026-W28,2.661564442859213,457.73771061995916
대전,2026-W28,3.452984305060628,2836.8164709278694
부산,2026-W28,3.0271591767374293,1063.5331172615088
서울,2026-W28,2.821926891160011,662.6313457454717
세종,2026-W28,3.3432670892284575,2203.281669983147
울산,2026-W28,3.7808320338659978,6036.1509359288975
인천,2026-W28,2.3504557911733546,223.10719051857677
전남,2026-W28,2.413436790564261,258.08173131357
전북,2026-W28,3.1981173296870953,1577.0375372439266
제주,2026-W28,2.2610808731959526,181.42353750888367
충남,2026-W28,3.593367545771886,3919.7355070858002
충북,2026-W28,2.6427969108673466,438.336120639579
강원,2026-W29,2.0077585195663463,100.80251788808577
경기,2026-W29,2.9483792443953365,886.9310527140624
경남,2026-W29,3.74634552914292,5575.292280218481
경북,2026-W29,2.3544858013457564,225.19645867735986
광주,2026-W29,2.976261449878187,945.806977660067
대구,2026-W29,2.814040458506274,650.6891020380934
대전,2026-W29,3.6714373255548707,4691.857052881599
부산,2026-W29,3.4496916816866543,2815.3827891230803
서울,2026-W29,3.233868448519994,1712.43821393396
세종,2026-W29,3.3853447602019253,2427.5371993209465
울산,2026-W29,3.8057700307087723,6392.961702955801
인천,2026-W29,2.4294196286322123,267.7940361647208
전남,2026-W29,2.496461967854184,312.66204372154226
전북,2026-W29,3.274465163523031,1880.3307911868574
제주,2026-W29,2.242567527357498,173.8105049748656
충남,2026-W29,3.4542795696293016,2845.292770021728
충북,2026-W29,2.6624397681971628,458.66323394403156
강원,2026-W30,2.3420214045771632,218.79681988689194
경기,2026-W30,3.0121708076770046,1027.4206956446567
경남,2026-W30,3.7813989271841852,6044.036495885411
경북,2026-W30,2.219795166734184,164.8804354429008
광주,2026-W30,2.7595527363030308,573.8476182533822
대구,2026-W30,2.7320934670692467,538.6267462640906
대전,2026-W30,3.604684820672403,4023.2487763700365
부산,2026-W30,3.3393316639931805,2183.3974656511978
서울,2026-W30,3.044411050069476,1106.6716746049601
세종,2026-W30,3.419826381731033,2628.2166976085114
울산,2026-W30,3.7531646606069016,5663.540165706909
인천,2026-W30,2.510311333014161,322.8257149274079
전남,2026-W30,2.6038001287316703,400.6059409834252
전북,2026-W30,3.3405172438009676,2189.3687956337835
제주,2026-W30,2.42903385184357,267.55537676895625
충남,2026-W30,3.4933125448933566,3112.9565246489765
충북,2026-W30,2.4357144572556737,271.71841065720105
강원,2026-W31,2.768284321570971,585.5220199253221
경기,2026-W31,3.154382002651548,1425.8621005805046
경남,2026-W31,4.192871504533722,15589.911435612095
경북,2026-W31,2.3300010238706346,212.79671298591163
광주,2026-W31,2.7923052163195896,618.8765629409742
대구,2026-W31,3.020041187912872,1046.2278610433855
대전,2026-W31,3.76117756568294,5769.0232839762375
부산,2026-W31,3.3300106461401446,2137.0144993852896
서울,2026-W31,3.2457163637218707,1759.8256814210642
세종,2026-W31,3.4702279527914097,2951.7586660292086
울산,2026-W31,3.5145749382280442,3269.20469886833
인천,2026-W31,2.725879839160069,530.9610556214177
전남,2026-W31,2.619541149352545,415.429175772798
전북,2026-W31,3.19659570915383,1571.51830345889
제주,2026-W31,2.6470383368617076,442.6478047188319
충남,2026-W31,3.5987966221576713,3969.05590282247
충북,2026-W31,2.5573345577119344,359.8565209315429
강원,2026-W32,2.7484195013097974,559.2985535531433
경기,2026-W32,3.0717996178627014,1178.776164961386
경남,2026-W32,4.241126293468188,17422.134670240568
경북,2026-W32,2.2779299169204323,188.63998701956626
광주,2026-W32,2.9100263574042953,811.8798484802123
대구,2026-W32,3.291520391615902,1955.6826387409678
대전,2026-W32,3.8734440455376387,7471.123572157092
부산,2026-W32,3.1266050796382396,1337.4590225756685
서울,2026-W32,3.1465934866793184,1400.5012410780114
세종,2026-W32,3.604439380168053,4020.9751241801146
울산,2026-W32,3.3801203371447253,2398.497695370503
인천,2026-W32,2.9528698269318383,896.1598443791186
전남,2026-W32,3.0303068447153256,1071.2766397842245
전북,2026-W32,3.2404945807761454,1738.7809885258441
제주,2026-W32,2.5529197094138847,356.20679311729333
충남,2026-W32,3.435848307041375,2727.024755672809
충북,2026-W32,3.1353002044942,1364.5267258490708
강원,2026-W33,2.5849005992520286,383.5037672584819
경기,2026-W33,3.330027800168474,2137.0989496538186
경남,2026-W33,4.418642166682036,26219.572309118113
경북,2026-W33,2.2664719842237164,183.70216420851193
광주,2026-W33,2.7329084583124486,539.6403533957249
대구,2026-W33,3.294299131912209,1968.2421907987302
대전,2026-W33,3.539481820970271,3462.233876363134
부산,2026-W33,3.5328745483030755,3409.9436777672436
서울,2026-W33,3.4167620320759626,2609.7304351297716
세종,2026-W33,3.3705886247827346,2346.4082402663953
울산,2026-W33,3.685491176695996,4846.20264749534
인천,2026-W33,3.0218526662516307,1050.6050578712202
전남,2026-W33,3.0062351448030356,1013.4605074933894
전북,2026-W33,3.032632102661535,1077.0331173744535
제주,2026-W33,2.898304704757484,790.2335696037875
충남,2026-W33,3.6839555032896705,4829.093115963469
충북,2026-W33,3.1824758504476893,1521.2144856606922
강원,2026-W34,2.6325465496969516,428.0881784353713
경기,2026-W34,3.164539836450657,1459.6287221212378
경남,2026-W34,4.535767946174346,34336.44257874261
경북,2026-W34,2.4398995676187147,274.35918502874404
광주,2026-W34,2.8188187502119915,657.8988509917205
대구,2026-W34,3.4551444890487626,2850.9669543241944
대전,2026-W34,3.844182389704578,6984.257007974684
부산,2026-W34,3.6292842224534736,4257.770356382523
서울,2026-W34,3.586178861417828,3855.371471695552
세종,2026-W34,3.2500433032822897,1777.4567302161317
울산,2026-W34,3.7708584006691552,5899.086797180737
인천,2026-W34,3.1336106225473337,1359.2245926162043
전남,2026-W34,3.1267249440328184,1337.8284855295021
전북,2026-W34,3.1768451785429415,1501.6062071451197
제주,2026-W34,2.9766726571051474,946.7038765720678
충남,2026-W34,3.8938403512905877,7830.4170324453
충북,2026-W34,3.3664235781109477,2324.0033239165105
강원,2026-W35,2.8017847908037257,632.555682865834
경기,2026-W35,3.3972044635749725,2494.7694456221093
경남,2026-W35,4.848224012245041,70504.66485258547
경북,2026-W35,2.578398706487575,377.7901755863224
광주,2026-W35,2.7501448792810903,561.5289517920313
대구,2026-W35,3.4064427517046414,2548.428002416423
대전,2026-W35,4.00427015527415,10097.808926997144
부산,2026-W35,3.5906879935500133,3895.6194461445025
서울,2026-W35,3.7099779542819564,5127.353507098603
세종,2026-W35,3.096663697399576,1248.2912476975912
울산,2026-W35,3.852356584530566,7116.97706845609
인천,2026-W35,3.20585430301672,1605.4022472583156
전남,2026-W35,3.186188146439805,1534.2819584913648
전북,2026-W35,3.0445401635471594,1107.0010285547876
제주,2026-W35,3.272456266107617,1871.648495929847
충남,2026-W35,4.161406336545657,14500.279942666893
충북,2026-W35,3.614394103961106,4114.229915074344
강원,2026-W36,2.954202238368988,898.9165490595484
경기,2026-W36,3.426384541526473,2668.2210524761954
경남,2026-W36,4.39203567358873,24661.41909659195
경북,2026-W36,2.695157589203766,494.6300037468397
광주,2026-W36,3.1647512827341817,1460.3400360430453
대구,2026-W36,3.474464550539672,2980.7041552011297
대전,2026-W36,4.081930096034545,12075.194412438817
부산,2026-W36,3.4501036489693515,2818.055648418529
서울,2026-W36,3.9882897437833877,9732.964180729863
세종,2026-W36,3.2516741018904263,1784.1474829244557
울산,2026-W36,3.8902914831511946,7766.682812115797
인천,2026-W36,3.374826896849885,2369.4287006511254
전남,2026-W36,2.90536761829652,803.2065728290609
전북,2026-W36,2.968904557810921,929.9032741812591
제주,2026-W36,2.9108997394619216,813.516224385152
충남,2026-W36,4.314887756223851,20647.464255369738
충북,2026-W36,3.6946911402555833,4949.979638600144
