region,n_plants,pop_sum,conc_mean_avg,conc_mean_std,fold_id
강원,5,733130,78124.24708333334,217538.0606740364,2024-Q2
경기,5,2523495,127695.64854166667,173282.35740029535,2024-Q2
경남,5,1657639,480376.2109375,2646231.219365159,2024-Q2
경북,7,1135415,76080.28702127658,65284.04608495069,2024-Q2
광주,3,691807,20135.959,54943.90680876623,2024-Q2
대구,4,1948639,5479217.602888889,8565620.42071558,2024-Q2
대전,2,2913348,135040.218,157711.18341345273,2024-Q2
부산,6,2961386,931374.87,1375909.7821163454,2024-Q2
서울,5,11268168,62058.77954545454,42360.29725478323,2024-Q2
세종,3,336440,1357229.5854166667,1807072.9282924023,2024-Q2
울산,4,1218898,717899.2309302326,1167014.172037334,2024-Q2
인천,6,2048237,37591.60276595745,36053.852064244355,2024-Q2
전남,11,1017979,71798.23166666667,67205.65096221394,2024-Q2
전북,3,652526,101411.74782608697,108250.07224081425,2024-Q2
제주,8,563849,2138.529387755102,2937.4044383898745,2024-Q2
충남,6,1132023,55612.720888888885,148419.09303650155,2024-Q2
충북,6,374120,38175.90755555556,43237.343997818505,2024-Q2
강원,5,733130,65158.47967213114,194310.50593847423,2024-Q3
경기,5,2523495,101104.87540983607,161789.85097019395,2024-Q3
경남,5,1657639,347097.98,2231233.4814743446,2024-Q3
경북,7,1135415,60472.53866666667,65038.89639556282,2024-Q3
광주,3,691807,16961.109523809522,49289.79817559169,2024-Q3
대구,4,1948639,4251877.626551724,7870336.396387261,2024-Q3
대전,2,2913348,107557.4007936508,150365.85483843565,2024-Q3
부산,6,2961386,761443.2771428572,1269313.6175120065,2024-Q3
서울,5,11268168,45573.74771428571,40566.21694815738,2024-Q3
세종,3,336440,1076540.312295082,1689668.7885289285,2024-Q3
울산,4,1218898,561599.5796428572,1059546.2198603791,2024-Q3
인천,6,2048237,29927.0075,35069.10536232517,2024-Q3
전남,11,1017979,57763.106229508194,65428.58664783284,2024-Q3
전북,3,652526,79655.21644067796,103913.0227064109,2024-Q3
제주,8,563849,2071.7004838709677,2693.884821861755,2024-Q3
충남,6,1132023,46417.02310344827,131576.59939505067,2024-Q3
충북,6,374120,33611.50965517241,40074.15264639668,2024-Q3
강원,5,733130,62121.62378378378,178480.8593848557,2024-Q4
경기,5,2523495,85734.51851351351,150601.5243836794,2024-Q4
경남,5,1657639,295360.36736842105,1980823.201607033,2024-Q4
경북,7,1135415,53849.970273972605,61022.242605884305,2024-Q4
광주,3,691807,16801.376447368424,45155.68532432362,2024-Q4
대구,4,1948639,3477029.7571830982,7290797.887435164,2024-Q4
대전,2,2913348,91016.31039473684,141630.26514470074,2024-Q4
부산,6,2961386,665968.4913157894,1174767.796730277,2024-Q4
서울,5,11268168,62033.973333333335,72124.41647969233,2024-Q4
세종,3,336440,993841.5677027028,1636871.8235541692,2024-Q4
울산,4,1218898,490969.6417647059,975571.8652801373,2024-Q4
인천,6,2048237,27171.135753424656,32784.11062613477,2024-Q4
전남,11,1017979,53402.11027027027,61533.781533745576,2024-Q4
전북,3,652526,66287.84152777778,98246.46916457053,2024-Q4
제주,8,563849,4081.5426666666667,7366.632420747006,2024-Q4
충남,6,1132023,55826.84507042253,128659.40781144766,2024-Q4
충북,6,374120,44735.858591549295,57422.34746539415,2024-Q4
강원,5,733130,54180.16321839081,165568.6256472025,2025-Q1
경기,5,2523495,73242.5148275862,141954.37615732546,2025-Q1
경남,5,1657639,241316.63199999998,1788131.0929043791,2025-Q1
경북,7,1135415,46274.54209302326,59008.65731691954,2025-Q1
광주,3,691807,14684.122921348315,42014.69098999185,2025-Q1
대구,4,1948639,2939663.0313095236,6813679.8660796555,2025-Q1
대전,2,2913348,77826.99179775281,134626.9705101995,2025-Q1
부산,6,2961386,579597.4526136364,1112547.7084364884,2025-Q1
서울,5,11268168,50263.16721311476,67802.1539331927,2025-Q1
세종,3,336440,847528.867816092,1548446.591262349,2025-Q1
울산,4,1218898,419342.68111111113,908469.1123883459,2025-Q1
인천,6,2048237,23362.09604651163,31510.626337235637,2025-Q1
전남,11,1017979,46220.10735632184,59260.06737587056,2025-Q1
전북,3,652526,56447.45988235294,93287.79020043497,2025-Q1
제주,8,563849,3522.42,6927.747643372806,2025-Q1
충남,6,1132023,51156.6319047619,118702.41463208826,2025-Q1
충북,6,374120,39681.68321428572,54212.32838985215,2025-Q1
강원,6,816637,50143.72204081633,156354.26895447823,2025-Q2
경기,5,2523495,66225.79646464647,134341.72283748953,2025-Q2
경남,6,1723394,206501.6625609756,1652537.9853727503,2025-Q2
경북,8,1173671,41567.6371875,57515.79905816752,2025-Q2
광주,3,691807,13770.1505,39902.282759124995,2025-Q2
대구,4,1948639,2627316.005106383,6500960.510934616,2025-Q2
대전,7,4353035,71715.3571,128159.35349449457,2025-Q2
부산,6,2961386,515462.4575757575,1063989.000199915,2025-Q2
서울,5,11268168,43845.88611111111,64184.64047743749,2025-Q2
세종,4,343577,752912.972755102,1482335.5775341904,2025-Q2
울산,4,1218898,370669.91478260874,862094.7647493546,2025-Q2
인천,7,2313918,20956.216907216494,30413.799237718646,2025-Q2
전남,11,1017979,41237.401836734694,57549.761523406414,2025-Q2
전북,4,906026,50116.31187500001,89487.65722966283,2025-Q2
제주,8,563849,3208.231515151515,6589.8765034931075,2025-Q2
충남,8,1266129,47944.51452631579,111967.26927304071,2025-Q2
충북,6,374120,36118.60915789474,51941.82414183528,2025-Q2
강원,6,816637,46773.70792792793,147174.7692082134,2025-Q3
경기,5,2523495,59675.87258928572,127547.97278129554,2025-Q3
경남,6,1723394,178758.7096842105,1535616.3834574712,2025-Q3
경북,8,1173671,36771.90110091743,55509.928384619285,2025-Q3
광주,3,691807,13120.881592920356,37719.8723523476,2025-Q3
대구,4,1948639,2309378.0303738317,6149567.567623011,2025-Q3
대전,7,4353035,66411.1431858407,121489.64707080554,2025-Q3
부산,6,2961386,455990.68839285715,1013244.8376041751,2025-Q3
서울,5,11268168,41292.56611764706,59550.325104581956,2025-Q3
세종,4,343577,665574.2266666667,1412680.3763283037,2025-Q3
울산,4,1218898,326919.26676190476,814912.4336315142,2025-Q3
인천,7,2313918,19074.31309090909,29011.387434166372,2025-Q3
전남,11,1017979,36966.79918918919,55378.18913666205,2025-Q3
전북,4,906026,44312.07715596331,85412.24898885305,2025-Q3
제주,8,563849,3211.222589285714,6210.598317432472,2025-Q3
충남,8,1266129,48253.86425925926,105316.7563088161,2025-Q3
충북,6,374120,32982.415555555555,49479.14353814764,2025-Q3
강원,6,816637,43999.79846774194,139466.7389267814,2025-Q4
경기,5,2523495,54526.11872,121642.04352789921,2025-Q4
경남,6,1723394,182019.11629629627,1441412.992538319,2025-Q4
경북,8,1173671,33039.1743442623,53555.548328065,2025-Q4
광주,3,691807,12624.04,35763.5700562711,2025-Q4
대구,4,1948639,2068726.4489166667,5845269.705503846,2025-Q4
대전,7,4353035,65590.40825396826,115672.16956837467,2025-Q4
부산,6,2961386,409792.66544,968283.3875335904,2025-Q4
서울,5,11268168,37066.255,56536.700790837465,2025-Q4
세종,4,343577,596664.8788709678,1351155.5034317116,2025-Q4
울산,4,1218898,294851.5813559322,773789.5989405592,2025-Q4
인천,7,2313918,17595.28804878049,27795.934101865467,2025-Q4
전남,11,1017979,33403.47629032258,53408.20468094912,2025-Q4
전북,4,906026,39827.65729508197,81740.71517119731,2025-Q4
제주,8,563849,3553.6683199999998,6046.969657207242,2025-Q4
충남,8,1266129,49931.94173553719,101189.31926242539,2025-Q4
충북,6,374120,31473.056446280993,47226.893219700876,2025-Q4
강원,6,816637,40973.23313868613,132991.6431330669,2026-Q1
경기,9,4581816,49735.29550724638,116685.08393395445,2026-Q1
경남,6,1723394,170717.93495867768,1361720.606565139,2026-Q1
경북,8,1173671,30242.991119402985,51862.34218426725,2026-Q1
광주,3,691807,11646.325683453237,34182.33360500985,2026-Q1
대구,4,1948639,1869678.2437593983,5583096.913367605,2026-Q1
대전,7,4353035,61698.558417266184,110876.01275898615,2026-Q1
부산,6,2961386,371568.59673913044,928847.7804944805,2026-Q1
서울,5,11268168,32914.60135135135,54314.11903269979,2026-Q1
세종,4,343577,540510.9524087592,1296693.137871102,2026-Q1
울산,4,1218898,266781.67114503816,738979.5815549062,2026-Q1
인천,7,2313918,16206.014632352942,26782.616380010986,2026-Q1
전남,11,1017979,30436.150072992703,51620.666727137104,2026-Q1
전북,4,906026,36173.30303703704,78483.43771850072,2026-Q1
제주,8,563849,3416.297536231884,5838.3921356924175,2026-Q1
충남,8,1266129,48687.790746268656,96397.1699052895,2026-Q1
충북,6,374120,29543.810074626865,45356.3794601157,2026-Q1
강원,6,816637,38107.510270270264,128321.35471095027,2026-Q2
경기,13,6608491,46200.70758389262,112965.90585890599,2026-Q2
경남,6,1723394,157032.07143939394,1304092.1171523363,2026-Q2
경북,10,1287477,27983.754896551724,50466.35614991231,2026-Q2
광주,3,691807,11038.352348993289,33092.28769696616,2026-Q2
대구,4,1948639,1727038.121388889,5387107.6387302205,2026-Q2
대전,7,4353035,58090.69206666667,107489.19151719236,2026-Q2
부산,6,2961386,344226.51026845636,898930.7700254956,2026-Q2
서울,5,11268168,29854.150487804876,52414.520035227855,2026-Q2
세종,4,343577,500570.6366216216,1255227.6960877974,2026-Q2
울산,4,1218898,246640.97288732394,712989.3626545343,2026-Q2
인천,8,2579599,15045.347959183673,26077.53564396817,2026-Q2
전남,11,1017979,28214.622905405406,50271.12936524476,2026-Q2
전북,6,1043386,33890.741506849314,75974.21958565121,2026-Q2
제주,8,563849,3173.1611409395973,5683.326151989093,2026-Q2
충남,11,1408091,45526.39593103449,93305.39069947938,2026-Q2
충북,6,374120,27475.644482758624,44190.37366585283,2026-Q2
강원,6,816637,35091.313726708075,123420.95584273624,2026-Q3
경기,13,6608491,42581.89240740741,109004.2266398397,2026-Q3
경남,6,1723394,143609.55496551722,1244575.4539020064,2026-Q3
경북,10,1287477,25708.431772151896,48929.355966343544,2026-Q3
광주,3,691807,10324.609625000001,32035.95319447265,2026-Q3
대구,4,1948639,1584203.0249044586,5179764.185769534,2026-Q3
대전,7,4353035,53991.10650306748,104037.08307699944,2026-Q3
부산,6,2961386,316662.52839506173,866943.1212475537,2026-Q3
서울,5,11268168,27129.346029411765,50532.5080816564,2026-Q3
세종,4,343577,466092.17823899374,1217373.7647595203,2026-Q3
울산,4,1218898,233752.53526666667,695721.4489450171,2026-Q3
인천,8,2579599,13883.026875,25294.825259379813,2026-Q3
전남,11,1017979,25976.44645962733,48777.68315687739,2026-Q3
전북,6,1043386,31997.03529032258,74117.11933420818,2026-Q3
제주,8,563849,2930.20962962963,5511.196182885981,2026-Q3
충남,11,1408091,42176.17386075949,90062.56443758353,2026-Q3
충북,6,374120,25253.201898734176,42971.39625798623,2026-Q3
