model,score_test,accuracy,balanced_accuracy,f1,score_val,eval_metric,pred_time_test,pred_time_val,fit_time,pred_time_test_marginal,pred_time_val_marginal,fit_time_marginal,stack_level,can_infer,fit_order
NeuralNetTorch_r143_BAG_L1,0.659903381642512,0.725,0.6517094017094017,0.808695652173913,0.6835890288120394,f1_macro,0.05314326286315918,0.06795072555541992,26.933669805526733,0.05314326286315918,0.06795072555541992,26.933669805526733,1,True,60
NeuralNetTorch_r79_BAG_L1,0.6497884138333576,0.71875,0.6420940170940171,0.8051948051948052,0.6864680731054558,f1_macro,0.05582928657531738,0.05844831466674805,10.37801194190979,0.05582928657531738,0.05844831466674805,10.37801194190979,1,True,13
NeuralNetTorch_r22_BAG_L1,0.6444444444444445,0.7125,0.6374643874643875,0.8,0.6636098355132716,f1_macro,0.048017024993896484,0.05725812911987305,9.304275751113892,0.048017024993896484,0.05725812911987305,9.304275751113892,1,True,18
NeuralNetTorch_r41_BAG_L1,0.6392703422832547,0.725,0.6317663817663818,0.8151260504201681,0.6744721811471937,f1_macro,0.04072237014770508,0.05833029747009277,7.529498338699341,0.04072237014770508,0.05833029747009277,7.529498338699341,1,True,46
NeuralNetTorch_BAG_L1,0.6342234544481735,0.70625,0.6278490028490029,0.7965367965367965,0.6737411326437601,f1_macro,0.03923487663269043,0.05969405174255371,6.522887229919434,0.03923487663269043,0.05969405174255371,6.522887229919434,1,True,10
NeuralNetTorch_r87_BAG_L1,0.6333333333333333,0.725,0.6267806267806268,0.8166666666666667,0.6813895843765648,f1_macro,0.057375431060791016,0.055327653884887695,29.98724675178528,0.057375431060791016,0.055327653884887695,29.98724675178528,1,True,70
NeuralNetTorch_r158_BAG_L1,0.6236559139784946,0.7375,0.621082621082621,0.8306451612903226,0.6722770720181657,f1_macro,0.06519460678100586,0.061170101165771484,11.741985321044922,0.06519460678100586,0.061170101165771484,11.741985321044922,1,True,49
WeightedEnsemble_L2,0.6177113517360582,0.70625,0.6128917378917379,0.8016877637130801,0.6905975981700343,f1_macro,0.15350031852722168,0.12402796745300293,11.3683340549469,0.0008101463317871094,0.001897573471069336,0.32390713691711426,2,True,85
NeuralNetTorch_r197_BAG_L1,0.6166666666666667,0.7125,0.6125356125356125,0.8083333333333333,0.6765065177722659,f1_macro,0.03560924530029297,0.05623745918273926,5.195006370544434,0.03560924530029297,0.05623745918273926,5.195006370544434,1,True,52
NeuralNetTorch_r30_BAG_L1,0.6166666666666667,0.7125,0.6125356125356125,0.8083333333333333,0.6786667592803914,f1_macro,0.07647943496704102,0.06514978408813477,9.63705825805664,0.07647943496704102,0.06514978408813477,9.63705825805664,1,True,28
NeuralNetTorch_r86_BAG_L1,0.6132405900054265,0.69375,0.6086182336182336,0.7896995708154506,0.68641306175353,f1_macro,0.05170178413391113,0.05835723876953125,12.27812671661377,0.05170178413391113,0.05835723876953125,12.27812671661377,1,True,30
NeuralNetFastAI_r145_BAG_L1,0.6130952380952381,0.675,0.6096866096866097,0.7678571428571429,0.6557493413380687,f1_macro,0.048811912536621094,0.06733345985412598,5.459607362747192,0.048811912536621094,0.06733345985412598,5.459607362747192,1,True,26
NeuralNetTorch_r14_BAG_L1,0.6115501833772405,0.70625,0.6079059829059829,0.803347280334728,0.6713105858117707,f1_macro,0.04864645004272461,0.04964327812194824,5.79662561416626,0.04864645004272461,0.04964327812194824,5.79662561416626,1,True,37
NeuralNetFastAI_r111_BAG_L1,0.6106729316999496,0.6375,0.6217948717948718,0.7128712871287128,0.6053657275781856,f1_macro,0.04966163635253906,0.05729818344116211,3.399671792984009,0.04966163635253906,0.05729818344116211,3.399671792984009,1,True,62
NeuralNetFastAI_r160_BAG_L1,0.6084265079898268,0.68125,0.6043447293447294,0.777292576419214,0.6206598089150771,f1_macro,0.07086563110351562,0.07036614418029785,4.706930637359619,0.07086563110351562,0.07036614418029785,4.706930637359619,1,True,77
NeuralNetTorch_r31_BAG_L1,0.597454491638301,0.68125,0.5943732193732194,0.7811158798283262,0.6798767334360555,f1_macro,0.03791046142578125,0.06625723838806152,8.248969554901123,0.03791046142578125,0.06625723838806152,8.248969554901123,1,True,63
NeuralNetFastAI_r143_BAG_L1,0.5946675526392292,0.61875,0.6079059829059829,0.6934673366834171,0.5890009891196835,f1_macro,0.04640793800354004,0.05359816551208496,3.449781894683838,0.04640793800354004,0.05359816551208496,3.449781894683838,1,True,39
NeuralNetFastAI_BAG_L1,0.5927272727272728,0.65,0.5911680911680912,0.7454545454545455,0.6585944763467323,f1_macro,0.04482436180114746,0.056548118591308594,3.903764486312866,0.04482436180114746,0.056548118591308594,3.903764486312866,1,True,8
XGBoost_r33_BAG_L2,0.5881006864988558,0.6625,0.5854700854700855,0.7631578947368421,0.6800221944378291,f1_macro,0.7960269451141357,0.6970596313476562,57.58739495277405,0.06473970413208008,0.0475773811340332,9.639211654663086,2,True,104
NeuralNetTorch_r185_BAG_L1,0.5851761476284887,0.68125,0.5844017094017094,0.7848101265822784,0.6623158887968332,f1_macro,0.05172014236450195,0.05779147148132324,10.71937346458435,0.05172014236450195,0.05779147148132324,10.71937346458435,1,True,76
NeuralNetFastAI_r134_BAG_L1,0.5833333333333334,0.65,0.5811965811965812,0.75,0.6482373469526594,f1_macro,0.06335735321044922,0.08709383010864258,7.6036365032196045,0.06335735321044922,0.08709383010864258,7.6036365032196045,1,True,57
LightGBMLarge_BAG_L2,0.583155700819478,0.65625,0.5808404558404558,0.7577092511013216,0.6779244095988541,f1_macro,0.781721830368042,0.6851468086242676,52.86983036994934,0.05043458938598633,0.03566455841064453,4.921647071838379,2,True,96
ExtraTrees_r178_BAG_L1,0.5826086956521739,0.6625,0.5804843304843305,0.7652173913043478,0.6220262398606348,f1_macro,0.08413815498352051,0.06390380859375,0.8039102554321289,0.08413815498352051,0.06390380859375,0.8039102554321289,1,True,73
XGBoost_r194_BAG_L2,0.5816683932711756,0.66875,0.5801282051282052,0.7725321888412017,0.6891251916494834,f1_macro,0.7729933261871338,0.6843676567077637,50.84109401702881,0.041706085205078125,0.034885406494140625,2.8929107189178467,2,True,118
NeuralNetTorch_r22_BAG_L2,0.5781147000659196,0.7,0.5833333333333333,0.8048780487804879,0.6971720383485089,f1_macro,0.7943711280822754,0.7242660522460938,54.49867272377014,0.06308388710021973,0.0747838020324707,6.55048942565918,2,True,103
LightGBM_r196_BAG_L2,0.5777148615576563,0.65625,0.5758547008547008,0.759825327510917,0.6630614464558314,f1_macro,0.8494620323181152,0.7135188579559326,52.682352781295776,0.11817479133605957,0.06403660774230957,4.7341694831848145,2,True,127
LightGBM_r131_BAG_L2,0.5768025078369906,0.6625,0.5754985754985755,0.7672413793103449,0.6810859414038613,f1_macro,0.7609214782714844,0.6786293983459473,51.125457763671875,0.02963423728942871,0.02914714813232422,3.177274465560913,2,True,99
LightGBM_r161_BAG_L2,0.5768025078369906,0.6625,0.5754985754985755,0.7672413793103449,0.6820868397015571,f1_macro,0.8338882923126221,0.6981985569000244,53.634665727615356,0.1026010513305664,0.04871630668640137,5.6864824295043945,2,True,123
CatBoost_r177_BAG_L2,0.5754693366708385,0.66875,0.5751424501424501,0.774468085106383,0.6708314539135543,f1_macro,0.7418553829193115,0.6750643253326416,49.12577271461487,0.01056814193725586,0.025582075119018555,1.1775894165039062,2,True,97
NeuralNetTorch_r71_BAG_L1,0.5736831317893011,0.675,0.5747863247863247,0.7815126050420168,0.6804694991777096,f1_macro,0.04901623725891113,0.05377554893493652,4.7233946323394775,0.04901623725891113,0.05377554893493652,4.7233946323394775,1,True,71
NeuralNetFastAI_r191_BAG_L1,0.5728451563691839,0.65,0.5712250712250713,0.7543859649122807,0.6552518667772905,f1_macro,0.06366086006164551,0.11041450500488281,9.352070808410645,0.06366086006164551,0.11041450500488281,9.352070808410645,1,True,15
LightGBM_r188_BAG_L2,0.5728451563691839,0.65,0.5712250712250713,0.7543859649122807,0.6886081352974227,f1_macro,0.776975154876709,0.6774685382843018,51.29284882545471,0.04568791389465332,0.02798628807067871,3.34466552734375,2,True,110
ExtraTreesEntr_BAG_L1,0.5726495726495726,0.625,0.5726495726495726,0.7222222222222222,0.6239797691308955,f1_macro,0.09957218170166016,0.0719914436340332,0.6564695835113525,0.09957218170166016,0.0719914436340332,0.6564695835113525,1,True,7
NeuralNetFastAI_r95_BAG_L1,0.5719636169074371,0.65625,0.5708689458689459,0.7619047619047619,0.6624429143539661,f1_macro,0.054189205169677734,0.11262059211730957,5.672700643539429,0.054189205169677734,0.11262059211730957,5.672700643539429,1,True,45
XGBoost_BAG_L2,0.5719636169074371,0.65625,0.5708689458689459,0.7619047619047619,0.6999542092136869,f1_macro,0.7726230621337891,0.676091194152832,53.295907497406006,0.0413358211517334,0.026608943939208984,5.347724199295044,2,True,94
NeuralNetFastAI_r156_BAG_L1,0.5717209888206582,0.575,0.6203703703703703,0.6091954022988506,0.6123015941108843,f1_macro,0.0354764461517334,0.05376291275024414,3.6592962741851807,0.0354764461517334,0.05376291275024414,3.6592962741851807,1,True,41
NeuralNetFastAI_r138_BAG_L1,0.5684523809523809,0.6375,0.5669515669515669,0.7410714285714286,0.6492199272518169,f1_macro,0.04818463325500488,0.10801458358764648,10.751450300216675,0.04818463325500488,0.10801458358764648,10.751450300216675,1,True,84
CatBoost_r13_BAG_L2,0.5658822949040501,0.65625,0.565883190883191,0.7639484978540773,0.6647378463580554,f1_macro,0.7431313991546631,0.7072327136993408,62.672921895980835,0.011844158172607422,0.05775046348571777,14.724738597869873,2,True,108
LightGBM_r130_BAG_L2,0.5658822949040501,0.65625,0.565883190883191,0.7639484978540773,0.6990470449870669,f1_macro,0.7511732578277588,0.669212818145752,49.873188734054565,0.019886016845703125,0.019730567932128906,1.9250054359436035,2,True,114
LightGBM_r96_BAG_L2,0.5658822949040501,0.65625,0.565883190883191,0.7639484978540773,0.6824592128306757,f1_macro,0.7573974132537842,0.6759176254272461,51.79772233963013,0.026110172271728516,0.026435375213623047,3.849539041519165,2,True,102
ExtraTrees_r4_BAG_L1,0.563330499753926,0.61875,0.563034188034188,0.7188940092165899,0.6064160674482154,f1_macro,0.07612848281860352,0.05740475654602051,0.7047827243804932,0.07612848281860352,0.05740475654602051,0.7047827243804932,1,True,64
NeuralNetFastAI_r88_BAG_L1,0.5623590383415711,0.64375,0.5616096866096866,0.7510917030567685,0.647012492910311,f1_macro,0.041374921798706055,0.050881385803222656,3.9146928787231445,0.041374921798706055,0.050881385803222656,3.9146928787231445,1,True,66
CatBoost_r167_BAG_L2,0.561128526645768,0.65,0.5612535612535612,0.7586206896551724,0.6766775122367776,f1_macro,0.7427740097045898,0.6904776096343994,50.16066598892212,0.01148676872253418,0.04099535942077637,2.2124826908111572,2,True,129
LightGBM_BAG_L2,0.561128526645768,0.65,0.5612535612535612,0.7586206896551724,0.6938231469043653,f1_macro,0.7443838119506836,0.6672265529632568,49.80393624305725,0.01309657096862793,0.01774430274963379,1.855752944946289,2,True,87
NeuralNetFastAI_r37_BAG_L1,0.5594493116395495,0.65625,0.5608974358974359,0.7659574468085106,0.6486546309907026,f1_macro,0.058194875717163086,0.07645082473754883,5.046612024307251,0.058194875717163086,0.07645082473754883,5.046612024307251,1,True,51
CatBoost_BAG_L2,0.5594493116395495,0.65625,0.5608974358974359,0.7659574468085106,0.6788674518458927,f1_macro,0.7441878318786621,0.672752857208252,49.215266942977905,0.012900590896606445,0.023270606994628906,1.2670836448669434,2,True,90
ExtraTreesGini_BAG_L1,0.558742415885273,0.625,0.5576923076923077,0.7297297297297297,0.6262591532603352,f1_macro,0.10206770896911621,0.07253217697143555,0.7313101291656494,0.10206770896911621,0.07253217697143555,0.7313101291656494,1,True,6
ExtraTrees_r49_BAG_L1,0.558742415885273,0.625,0.5576923076923077,0.7297297297297297,0.6262591532603352,f1_macro,0.10219311714172363,0.08005523681640625,0.8165125846862793,0.10219311714172363,0.08005523681640625,0.8165125846862793,1,True,54
NeuralNetFastAI_r69_BAG_L1,0.556398657522253,0.64375,0.5566239316239316,0.7532467532467533,0.6521926757042306,f1_macro,0.04659080505371094,0.05875444412231445,3.831784963607788,0.04659080505371094,0.05875444412231445,3.831784963607788,1,True,82
NeuralNetTorch_r79_BAG_L2,0.5559183673469388,0.68125,0.5644586894586895,0.7918367346938775,0.6913564240691642,f1_macro,0.7874019145965576,0.7574763298034668,54.80708885192871,0.05611467361450195,0.10799407958984375,6.858905553817749,2,True,98
NeuralNetTorch_r30_BAG_L2,0.5559183673469388,0.68125,0.5644586894586895,0.7918367346938775,0.6947047209514501,f1_macro,0.8015539646148682,0.720954418182373,56.0375874042511,0.0702667236328125,0.07147216796875,8.089404106140137,2,True,113
ExtraTrees_r42_BAG_L1,0.5528397517881674,0.63125,0.5523504273504274,0.7400881057268722,0.6392133755646797,f1_macro,0.09817218780517578,0.06681084632873535,0.705956220626831,0.09817218780517578,0.06681084632873535,0.705956220626831,1,True,20
LightGBMXT_BAG_L2,0.5516908212560386,0.6375,0.551994301994302,0.7478260869565218,0.6939380196523054,f1_macro,0.7464699745178223,0.669090747833252,50.08208346366882,0.015182733535766602,0.019608497619628906,2.1339001655578613,2,True,86
XGBoost_r89_BAG_L2,0.5516908212560386,0.6375,0.551994301994302,0.7478260869565218,0.6992307727942801,f1_macro,0.7745504379272461,0.6726946830749512,49.99864482879639,0.04326319694519043,0.023212432861328125,2.050461530685425,2,True,112
CatBoost_r137_BAG_L2,0.5500961965369247,0.64375,0.5516381766381766,0.7553648068669528,0.6762722563282063,f1_macro,0.743340015411377,0.6697793006896973,48.630112409591675,0.012052774429321289,0.02029705047607422,0.6819291114807129,2,True,106
ExtraTrees_r172_BAG_L2,0.5500961965369247,0.64375,0.5516381766381766,0.7553648068669528,0.6700132618405684,f1_macro,0.8197476863861084,0.7150919437408447,48.63250255584717,0.08846044540405273,0.06560969352722168,0.684319257736206,2,True,119
RandomForest_r195_BAG_L2,0.5500961965369247,0.64375,0.5516381766381766,0.7553648068669528,0.677902024482342,f1_macro,0.8246419429779053,0.716407299041748,48.79143691062927,0.09335470199584961,0.066925048828125,0.8432536125183105,2,True,109
XGBoost_BAG_L1,0.5487957098608478,0.61875,0.5480769230769231,0.726457399103139,0.6592314952025365,f1_macro,0.044696807861328125,0.01974797248840332,2.706148147583008,0.044696807861328125,0.01974797248840332,2.706148147583008,1,True,9
CatBoost_r9_BAG_L2,0.5454545454545454,0.6375,0.5470085470085471,0.75,0.6784245166598109,f1_macro,0.7464327812194824,0.6920874118804932,55.746583461761475,0.015145540237426758,0.04260516166687012,7.798400163650513,2,True,101
RandomForest_r39_BAG_L2,0.5454545454545454,0.6375,0.5470085470085471,0.75,0.6800631265690169,f1_macro,0.8142881393432617,0.716721773147583,48.74785614013672,0.08300089836120605,0.06723952293395996,0.7996728420257568,2,True,128
CatBoost_r69_BAG_L2,0.5434292866082603,0.64375,0.5466524216524217,0.7574468085106383,0.6730077748794151,f1_macro,0.7435555458068848,0.672004222869873,48.87932825088501,0.012268304824829102,0.02252197265625,0.9311449527740479,2,True,120
LightGBM_r30_BAG_L1,0.5433918128654971,0.61875,0.5430911680911681,0.7288888888888889,0.6490031806127583,f1_macro,0.07715964317321777,0.05720114707946777,3.829035997390747,0.07715964317321777,0.05720114707946777,3.829035997390747,1,True,67
LightGBMXT_BAG_L1,0.5423340961098397,0.625,0.5427350427350428,0.7368421052631579,0.6609831345125463,f1_macro,0.025712966918945312,0.014991998672485352,1.98720121383667,0.025712966918945312,0.014991998672485352,1.98720121383667,1,True,1
NeuralNetFastAI_BAG_L2,0.5408895265423243,0.65,0.5462962962962963,0.7647058823529411,0.6859617496068133,f1_macro,0.786576509475708,0.7074956893920898,51.319690227508545,0.055289268493652344,0.0580134391784668,3.371506929397583,2,True,93
ExtraTrees_r172_BAG_L1,0.5408336981370689,0.63125,0.5423789173789173,0.7445887445887446,0.6331304714824217,f1_macro,0.09686088562011719,0.06368207931518555,0.6664149761199951,0.09686088562011719,0.06368207931518555,0.6664149761199951,1,True,34
CatBoost_r50_BAG_L2,0.5408336981370689,0.63125,0.5423789173789173,0.7445887445887446,0.6686951335199373,f1_macro,0.7418875694274902,0.668724536895752,49.000799894332886,0.01060032844543457,0.019242286682128906,1.0526165962219238,2,True,116
CatBoost_r70_BAG_L2,0.5408336981370689,0.63125,0.5423789173789173,0.7445887445887446,0.6796561059001763,f1_macro,0.7459337711334229,0.6764271259307861,51.01500463485718,0.014646530151367188,0.026944875717163086,3.066821336746216,2,True,125
XGBoost_r194_BAG_L1,0.5394855189782335,0.6,0.5391737891737891,0.7064220183486238,0.6581565156921345,f1_macro,0.04664134979248047,0.02838587760925293,3.101938486099243,0.04664134979248047,0.02838587760925293,3.101938486099243,1,True,33
LightGBM_r196_BAG_L1,0.539313399778516,0.59375,0.5395299145299145,0.6976744186046512,0.630580603663827,f1_macro,0.3157165050506592,0.08905768394470215,5.3112101554870605,0.3157165050506592,0.08905768394470215,5.3112101554870605,1,True,42
RandomForestEntr_BAG_L2,0.5388590737427947,0.6375,0.542022792022792,0.7521367521367521,0.6707939119703825,f1_macro,0.8234810829162598,0.7160274982452393,48.62677979469299,0.0921938419342041,0.06654524803161621,0.6785964965820312,2,True,89
NeuralNetTorch_BAG_L2,0.5377908503597878,0.65625,0.545940170940171,0.7717842323651453,0.6908715846209506,f1_macro,0.7846205234527588,0.7777326107025146,54.7768657207489,0.053333282470703125,0.1282503604888916,6.8286824226379395,2,True,95
RandomForest_r127_BAG_L1,0.537681777272512,0.61875,0.538105413105413,0.7312775330396476,0.6307070841840452,f1_macro,0.08979153633117676,0.06253933906555176,0.8472721576690674,0.08979153633117676,0.06253933906555176,0.8472721576690674,1,True,56
NeuralNetFastAI_r102_BAG_L1,0.5363733414671343,0.64375,0.5416666666666667,0.759493670886076,0.6552342717021911,f1_macro,0.03669571876525879,0.04069399833679199,3.159237861633301,0.03669571876525879,0.04069399833679199,3.159237861633301,1,True,22
NeuralNetFastAI_r65_BAG_L1,0.535177466211949,0.56875,0.540954415954416,0.6600985221674877,0.6070592324159617,f1_macro,0.0429689884185791,0.05859637260437012,3.6850411891937256,0.0429689884185791,0.05859637260437012,3.6850411891937256,1,True,65
XGBoost_r98_BAG_L1,0.5344736378063834,0.5875,0.534900284900285,0.6915887850467289,0.6302501067818328,f1_macro,0.07634282112121582,0.058934688568115234,5.8911802768707275,0.07634282112121582,0.058934688568115234,5.8911802768707275,1,True,47
ExtraTreesGini_BAG_L2,0.5343100981697992,0.63125,0.5373931623931624,0.7467811158798283,0.6620709740512124,f1_macro,0.8240015506744385,0.7233247756958008,48.67874884605408,0.09271430969238281,0.07384252548217773,0.7305655479431152,2,True,91
ExtraTreesEntr_BAG_L2,0.5343100981697992,0.63125,0.5373931623931624,0.7467811158798283,0.6585912832247314,f1_macro,0.8264052867889404,0.7211470603942871,48.60639929771423,0.09511804580688477,0.07166481018066406,0.6582159996032715,2,True,92
NeuralNetFastAI_r95_BAG_L2,0.5340811044003451,0.6625,0.5455840455840456,0.7786885245901639,0.680411374324265,f1_macro,0.7932510375976562,0.7354567050933838,53.595672369003296,0.061963796615600586,0.08597445487976074,5.647489070892334,2,True,130
RandomForestGini_BAG_L1,0.5316473919094007,0.61875,0.5331196581196581,0.7336244541484717,0.6215748687286069,f1_macro,0.09998369216918945,0.06798529624938965,0.7136356830596924,0.09998369216918945,0.06798529624938965,0.7136356830596924,1,True,3
LightGBM_r188_BAG_L1,0.5298159952981599,0.59375,0.5295584045584045,0.7031963470319634,0.6442378592117023,f1_macro,0.04046344757080078,0.024759769439697266,2.516474723815918,0.04046344757080078,0.024759769439697266,2.516474723815918,1,True,25
XGBoost_r49_BAG_L1,0.5296388925453029,0.58125,0.5302706552706553,0.6854460093896714,0.6496876009169212,f1_macro,0.0677790641784668,0.026519775390625,3.479883909225464,0.0677790641784668,0.026519775390625,3.479883909225464,1,True,68
RandomForestGini_BAG_L2,0.5274092615769712,0.63125,0.5324074074074074,0.7489361702127659,0.6712859077073472,f1_macro,0.8190586566925049,0.7194499969482422,48.657686710357666,0.08777141571044922,0.06996774673461914,0.7095034122467041,2,True,88
RandomForest_r195_BAG_L1,0.5270785659801678,0.6125,0.5284900284900285,0.7280701754385965,0.6245084427290529,f1_macro,0.08599400520324707,0.06539440155029297,0.8773956298828125,0.08599400520324707,0.06539440155029297,0.8773956298828125,1,True,24
RandomForest_r39_BAG_L1,0.5270785659801678,0.6125,0.5284900284900285,0.7280701754385965,0.6241554961644187,f1_macro,0.09205412864685059,0.06552338600158691,0.7901430130004883,0.09205412864685059,0.06552338600158691,0.7901430130004883,1,True,43
WeightedEnsemble_L3,0.5253790375741596,0.6625,0.5405982905982906,0.7804878048780488,0.7048817696414951,f1_macro,1.0065693855285645,0.9649643898010254,78.78792929649353,0.0020608901977539062,0.001691579818725586,0.28836560249328613,3,True,131
NeuralNetTorch_r14_BAG_L2,0.525323161686798,0.65,0.5363247863247863,0.768595041322314,0.6803327565813269,f1_macro,0.7727863788604736,0.7105004787445068,51.76893067359924,0.04149913787841797,0.06101822853088379,3.8207473754882812,2,True,122
NeuralNetFastAI_r11_BAG_L2,0.5245714285714286,0.675,0.5448717948717948,0.792,0.7017995076405483,f1_macro,0.8003475666046143,0.743588924407959,57.475303649902344,0.0690603256225586,0.09410667419433594,9.527120351791382,2,True,117
LightGBM_r130_BAG_L1,0.5238095238095238,0.6,0.5242165242165242,0.7142857142857143,0.6577128753599342,f1_macro,0.01726698875427246,0.014382600784301758,1.4995782375335693,0.01726698875427246,0.014382600784301758,1.4995782375335693,1,True,29
LightGBM_BAG_L1,0.5238095238095238,0.6,0.5242165242165242,0.7142857142857143,0.659650870203397,f1_macro,0.027084827423095703,0.01822972297668457,2.669804811477661,0.027084827423095703,0.01822972297668457,2.669804811477661,1,True,2
NeuralNetFastAI_r103_BAG_L2,0.5227869243617276,0.6875,0.5491452991452992,0.8031496062992126,0.6921866740874563,f1_macro,0.7765383720397949,0.7122876644134521,52.37391257286072,0.04525113105773926,0.0628054141998291,4.425729274749756,2,True,121
NeuralNetTorch_r86_BAG_L2,0.5209832449183255,0.64375,0.5316951566951567,0.7634854771784232,0.6859462727822406,f1_macro,0.802933931350708,0.7240633964538574,54.305426597595215,0.07164669036865234,0.07458114624023438,6.357243299484253,2,True,115
LightGBM_r94_BAG_L1,0.5207729468599034,0.6125,0.5235042735042735,0.7304347826086957,0.6598658906844992,f1_macro,0.02200007438659668,0.0208432674407959,2.1089510917663574,0.02200007438659668,0.0208432674407959,2.1089510917663574,1,True,59
ExtraTrees_r42_BAG_L2,0.5185239998026738,0.61875,0.5231481481481481,0.7381974248927039,0.6688765657754784,f1_macro,0.8203110694885254,0.7181968688964844,48.6607551574707,0.08902382850646973,0.06871461868286133,0.7125718593597412,2,True,105
LightGBM_r143_BAG_L1,0.517981547731124,0.6,0.5192307692307692,0.7168141592920354,0.6552250669344043,f1_macro,0.04792332649230957,0.031676292419433594,3.46730899810791,0.04792332649230957,0.031676292419433594,3.46730899810791,1,True,55
NeuralNetFastAI_r191_BAG_L2,0.5168248490077653,0.65,0.5313390313390314,0.7704918032786885,0.6886603341706652,f1_macro,0.7822513580322266,0.7453978061676025,55.79645299911499,0.0509641170501709,0.09591555595397949,7.848269701004028,2,True,100
NeuralNetFastAI_r145_BAG_L2,0.5168248490077653,0.65,0.5313390313390314,0.7704918032786885,0.6844530071416363,f1_macro,0.7873821258544922,0.7274868488311768,53.209386587142944,0.05609488487243652,0.07800459861755371,5.261203289031982,2,True,111
LightGBMLarge_BAG_L1,0.5156695156695157,0.575,0.5156695156695157,0.6851851851851852,0.6510430306858309,f1_macro,0.04762578010559082,0.023904085159301758,3.684170961380005,0.04762578010559082,0.023904085159301758,3.684170961380005,1,True,11
RandomForest_r15_BAG_L1,0.5141065830721003,0.6125,0.5185185185185186,0.7327586206896551,0.6323626232952633,f1_macro,0.08432149887084961,0.06266260147094727,0.854440450668335,0.08432149887084961,0.06266260147094727,0.854440450668335,1,True,79
CatBoost_r86_BAG_L1,0.5134502923976608,0.59375,0.5146011396011396,0.7111111111111111,0.6168077009421596,f1_macro,0.013297080993652344,0.0164945125579834,4.207027435302734,0.013297080993652344,0.0164945125579834,4.207027435302734,1,True,50
LightGBM_r135_BAG_L1,0.5134502923976608,0.59375,0.5146011396011396,0.7111111111111111,0.657589537866879,f1_macro,0.01752328872680664,0.013682126998901367,2.030630111694336,0.01752328872680664,0.013682126998901367,2.030630111694336,1,True,80
LightGBM_r96_BAG_L1,0.5118230358504958,0.6,0.5142450142450142,0.7192982456140351,0.6514603486765175,f1_macro,0.02550649642944336,0.025582313537597656,3.057800531387329,0.02550649642944336,0.025582313537597656,3.057800531387329,1,True,17
XGBoost_r89_BAG_L1,0.5109634551495017,0.56875,0.511039886039886,0.6790697674418604,0.6553235300181428,f1_macro,0.04535961151123047,0.020113468170166016,2.303774356842041,0.04535961151123047,0.020113468170166016,2.303774356842041,1,True,27
XGBoost_r22_BAG_L1,0.5109634551495017,0.56875,0.511039886039886,0.6790697674418604,0.6527227730615789,f1_macro,0.050446510314941406,0.027789592742919922,2.695674419403076,0.050446510314941406,0.027789592742919922,2.695674419403076,1,True,81
XGBoost_r33_BAG_L1,0.5109634551495017,0.56875,0.511039886039886,0.6790697674418604,0.6382527536062272,f1_macro,0.0834815502166748,0.042940378189086914,6.314527988433838,0.0834815502166748,0.042940378189086914,6.314527988433838,1,True,19
NeuralNetFastAI_r102_BAG_L2,0.5062857142857143,0.6625,0.5306267806267806,0.784,0.6856338594551121,f1_macro,0.7697772979736328,0.7094402313232422,51.028911113739014,0.03849005699157715,0.05995798110961914,3.0807278156280518,2,True,107
CatBoost_r9_BAG_L1,0.5054545454545455,0.575,0.5056980056980057,0.6909090909090909,0.6097197495252688,f1_macro,0.012567520141601562,0.015491008758544922,4.39430832862854,0.012567520141601562,0.015491008758544922,4.39430832862854,1,True,16
NeuralNetFastAI_r143_BAG_L2,0.5036984013361966,0.675,0.534900284900285,0.7952755905511811,0.6957537577365164,f1_macro,0.7743144035339355,0.7042956352233887,51.35556507110596,0.04302716255187988,0.054813385009765625,3.407381772994995,2,True,124
CatBoost_r13_BAG_L1,0.5029184710977217,0.5875,0.5049857549857549,0.7079646017699115,0.6142382986036206,f1_macro,0.011856555938720703,0.01953125,5.6061811447143555,0.011856555938720703,0.01953125,5.6061811447143555,1,True,23
RandomForestEntr_BAG_L1,0.5027379014355483,0.60625,0.5089031339031339,0.7296137339055794,0.6164919712202266,f1_macro,0.0955650806427002,0.06615781784057617,0.6648139953613281,0.0955650806427002,0.06615781784057617,0.6648139953613281,1,True,4
NeuralNetFastAI_r156_BAG_L2,0.5022342892697551,0.65625,0.525997150997151,0.7791164658634538,0.6927010966068056,f1_macro,0.7691667079925537,0.7195711135864258,51.33058428764343,0.03787946701049805,0.07008886337280273,3.3824009895324707,2,True,126
XGBoost_r31_BAG_L1,0.5008815950088159,0.56875,0.5010683760683761,0.684931506849315,0.6285262718638464,f1_macro,0.04684853553771973,0.023961782455444336,2.6414313316345215,0.04684853553771973,0.023961782455444336,2.6414313316345215,1,True,75
NeuralNetFastAI_r11_BAG_L1,0.4982078853046595,0.65,0.5213675213675213,0.7741935483870968,0.6455182960216517,f1_macro,0.06527876853942871,0.07961702346801758,9.846175193786621,0.06527876853942871,0.07961702346801758,9.846175193786621,1,True,32
CatBoost_r167_BAG_L1,0.49656750572082375,0.5875,0.5,0.7105263157894737,0.6235825275932227,f1_macro,0.01141977310180664,0.009984254837036133,1.2566826343536377,0.01141977310180664,0.009984254837036133,1.2566826343536377,1,True,44
RandomForest_r166_BAG_L1,0.49656750572082375,0.5875,0.5,0.7105263157894737,0.6230453274037995,f1_macro,0.09896135330200195,0.06647753715515137,0.7905895709991455,0.09896135330200195,0.06647753715515137,0.7905895709991455,1,True,74
CatBoost_BAG_L1,0.49404761904761907,0.575,0.49572649572649574,0.6964285714285714,0.6346022102030395,f1_macro,0.014913082122802734,0.009648323059082031,0.9889209270477295,0.014913082122802734,0.009648323059082031,0.9889209270477295,1,True,5
LightGBM_r15_BAG_L1,0.49404761904761907,0.575,0.49572649572649574,0.6964285714285714,0.6459831745125023,f1_macro,0.021271467208862305,0.01670098304748535,2.543686866760254,0.021271467208862305,0.01670098304748535,2.543686866760254,1,True,48
NeuralNetFastAI_r103_BAG_L1,0.491699118671859,0.6125,0.5035612535612536,0.7394957983193278,0.6616572312834519,f1_macro,0.04093456268310547,0.06273198127746582,5.100806474685669,0.04093456268310547,0.06273198127746582,5.100806474685669,1,True,36
CatBoost_r137_BAG_L1,0.48985507246376814,0.5875,0.49501424501424507,0.7130434782608696,0.6347466526647414,f1_macro,0.01242971420288086,0.008133888244628906,0.7309386730194092,0.01242971420288086,0.008133888244628906,0.7309386730194092,1,True,21
CatBoost_r177_BAG_L1,0.48785539446431936,0.575,0.49074074074074076,0.6991150442477876,0.6239332943073531,f1_macro,0.008904457092285156,0.009412288665771484,0.9124410152435303,0.008904457092285156,0.009412288665771484,0.9124410152435303,1,True,12
RandomForest_r34_BAG_L1,0.48287910552061497,0.5375,0.48290598290598286,0.6509433962264151,0.621687341020383,f1_macro,0.0845947265625,0.061695098876953125,0.8095035552978516,0.0845947265625,0.061695098876953125,0.8095035552978516,1,True,58
LightGBM_r131_BAG_L1,0.4819212088505127,0.55,0.4821937321937322,0.6697247706422018,0.6536918947566376,f1_macro,0.056142568588256836,0.04096865653991699,3.254634141921997,0.056142568588256836,0.04096865653991699,3.254634141921997,1,True,14
CatBoost_r50_BAG_L1,0.4807806572512455,0.55625,0.4818376068376068,0.6787330316742082,0.6322371842930538,f1_macro,0.011079788208007812,0.011600017547607422,0.9589381217956543,0.011079788208007812,0.011600017547607422,0.9589381217956543,1,True,31
CatBoost_r128_BAG_L1,0.47916666666666663,0.5625,0.48148148148148145,0.6875,0.6204007355715038,f1_macro,0.013446331024169922,0.01684093475341797,4.067953109741211,0.013446331024169922,0.01684093475341797,4.067953109741211,1,True,61
LightGBM_r161_BAG_L1,0.4774283029842065,0.54375,0.47756410256410253,0.663594470046083,0.6379042562375896,f1_macro,0.1418018341064453,0.05135488510131836,5.0200231075286865,0.1418018341064453,0.05135488510131836,5.0200231075286865,1,True,38
CatBoost_r143_BAG_L1,0.47022409904505974,0.56875,0.47613960113960113,0.6986899563318777,0.6294411968347173,f1_macro,0.008057117462158203,0.01181936264038086,1.3749425411224365,0.008057117462158203,0.01181936264038086,1.3749425411224365,1,True,72
CatBoost_r69_BAG_L1,0.47022409904505974,0.56875,0.47613960113960113,0.6986899563318777,0.6399122462177238,f1_macro,0.011577367782592773,0.00782465934753418,0.8320624828338623,0.011577367782592773,0.00782465934753418,0.8320624828338623,1,True,35
CatBoost_r49_BAG_L1,0.4685380116959064,0.55625,0.4718660968660968,0.6844444444444444,0.6417038592806511,f1_macro,0.00885772705078125,0.009835481643676758,0.7081522941589355,0.00885772705078125,0.009835481643676758,0.7081522941589355,1,True,53
CatBoost_r5_BAG_L1,0.46605644546147984,0.5625,0.47150997150997154,0.6929824561403509,0.628434443724952,f1_macro,0.009675979614257812,0.00829768180847168,0.8216392993927002,0.009675979614257812,0.00829768180847168,0.8216392993927002,1,True,69
CatBoost_r60_BAG_L1,0.46189190469423524,0.55625,0.4668803418803419,0.6872246696035242,0.6322674000445925,f1_macro,0.009021997451782227,0.010747194290161133,0.8631041049957275,0.009021997451782227,0.010747194290161133,0.8631041049957275,1,True,78
CatBoost_r6_BAG_L1,0.46003421016134255,0.54375,0.46260683760683763,0.672645739910314,0.6377380760770428,f1_macro,0.009627342224121094,0.009910821914672852,0.8379967212677002,0.009627342224121094,0.009910821914672852,0.8379967212677002,1,True,83
CatBoost_r70_BAG_L1,0.46003421016134255,0.54375,0.46260683760683763,0.672645739910314,0.6188338636940834,f1_macro,0.012777566909790039,0.013499259948730469,1.8420519828796387,0.012777566909790039,0.013499259948730469,1.8420519828796387,1,True,40
