date_week,week_start_date,conc_mean_national,conc_3wk_avg,wow_change_rate,n_samples,covid_cases_national
2023-W14,2023-04-02,72752.20,67541.75,-0.1664,70,
2023-W15,2023-04-09,51430.69,62185.94,0.2931,71,
2023-W16,2023-04-16,72528.25,65570.38,-0.4102,74,
2023-W17,2023-04-23,80826.85,68261.93,-0.1144,75,
2023-W18,2023-04-30,72861.39,75405.50,0.0985,67,
2023-W19,2023-05-07,71845.24,75177.83,0.0139,69,
2023-W20,2023-05-14,56741.35,67149.33,0.2102,71,
2023-W21,2023-05-21,85256.04,71280.87,-0.5025,68,
2023-W22,2023-05-28,56317.47,66104.95,0.3394,67,
2023-W23,2023-06-04,59390.91,66988.14,-0.0546,68,
2023-W24,2023-06-11,74192.13,63300.17,-0.2492,64,
2023-W25,2023-06-18,68069.28,67217.44,0.0825,63,
2023-W26,2023-06-25,54207.43,65489.61,0.2036,64,
2023-W27,2023-07-02,89761.01,70679.24,-0.6559,65,
2023-W28,2023-07-09,92653.08,78873.84,-0.0322,59,
2023-W29,2023-07-16,90362.79,90925.63,0.0247,67,
2023-W30,2023-07-23,142088.80,108368.23,-0.5724,68,
2023-W31,2023-07-30,196188.76,142880.12,-0.3807,59,
2023-W32,2023-08-06,112864.41,150380.66,0.4247,70,
2023-W33,2023-08-13,102356.02,137136.39,0.0931,68,
2023-W34,2023-08-20,116306.00,110508.81,-0.1363,64,
2023-W35,2023-08-27,99868.00,106176.67,0.1413,76,
2023-W36,2023-09-03,118851.12,111675.04,-0.1901,61,
2023-W37,2023-09-10,55552.79,91423.97,0.5326,65,
2023-W38,2023-09-17,51026.98,75143.63,0.0815,59,
2023-W39,2023-09-24,48633.38,51737.71,0.0469,56,
2023-W40,2023-10-01,62191.12,53950.49,-0.2788,57,
2023-W41,2023-10-08,62636.95,57820.48,-0.0072,64,
2023-W42,2023-10-15,46578.44,57135.50,0.2564,72,
2023-W43,2023-10-22,8110.55,39108.65,0.8259,20,
2023-W44,2023-10-29,11251.50,21980.16,-0.3873,20,
2023-W45,2023-11-05,5904.42,8422.16,0.4752,55,
2023-W46,2023-11-12,13301.14,10152.35,-1.2527,76,
2023-W47,2023-11-19,6209.86,8471.81,0.5331,66,
2023-W48,2023-11-26,21105.97,13538.99,-2.3988,65,
2023-W49,2023-12-03,16020.61,14445.48,0.2409,68,
2023-W50,2023-12-10,21559.89,19562.15,-0.3458,67,
2023-W51,2023-12-17,16179.52,17920.00,0.2496,67,
2023-W52,2023-12-24,,,,,
2024-W01,2023-12-31,20577.49,20577.49,,76,848
2024-W02,2024-01-07,36648.37,28612.93,-0.7810,82,747
2024-W03,2024-01-14,25096.48,27440.78,0.3152,84,826
2024-W04,2024-01-21,25785.22,29176.69,-0.0274,85,846
2024-W05,2024-01-28,29700.77,26860.82,-0.1519,89,879
2024-W06,2024-02-04,20842.62,25442.87,0.2982,87,794
2024-W07,2024-02-11,32502.50,27681.96,-0.5594,86,814
2024-W08,2024-02-18,13806.72,22383.94,0.5752,93,650
2024-W09,2024-02-25,21059.14,22456.12,-0.5253,87,490
2024-W10,2024-03-03,23769.83,19545.23,-0.1287,88,515
2024-W11,2024-03-10,21015.16,21948.04,0.1159,82,481
2024-W12,2024-03-17,23532.84,22772.61,-0.1198,88,449
2024-W13,2024-03-24,19484.36,21344.12,0.1720,96,397
2024-W14,2024-03-31,13196.73,18737.98,0.3227,84,365
2024-W15,2024-04-07,10406.95,14362.68,0.2114,87,332
2024-W16,2024-04-14,9096.56,10900.08,0.1259,88,267
2024-W17,2024-04-21,6617.44,8706.98,0.2725,85,213
2024-W18,2024-04-28,4628.63,6780.88,0.3005,79,119
2024-W19,2024-05-05,3324.46,4856.84,0.2818,83,72
2024-W20,2024-05-12,3462.43,3805.17,-0.0415,78,79
2024-W21,2024-05-19,3911.11,3566.00,-0.1296,81,77
2024-W22,2024-05-26,3384.32,3585.95,0.1347,80,68
2024-W23,2024-06-02,4528.62,3941.35,-0.3381,82,81
2024-W24,2024-06-09,3998.92,3970.62,0.1170,85,61
2024-W25,2024-06-16,4426.72,4318.09,-0.1070,96,70
2024-W26,2024-06-23,4880.09,4435.24,-0.1024,82,61
2024-W27,2024-06-30,5728.95,5011.92,-0.1739,81,90
2024-W28,2024-07-07,7382.94,5997.33,-0.2887,85,144
2024-W29,2024-07-14,10494.58,7868.82,-0.4215,88,223
2024-W30,2024-07-21,19098.16,12325.22,-0.8198,89,456
2024-W31,2024-07-28,40277.78,23290.17,-1.1090,87,864
2024-W32,2024-08-04,72005.00,43793.65,-0.7877,93,1362
2024-W33,2024-08-11,75578.56,62620.45,-0.0496,90,1441
2024-W34,2024-08-18,66046.34,71209.97,0.1261,87,1173
2024-W35,2024-08-25,39259.30,60294.74,0.4056,90,837
2024-W36,2024-09-01,29255.04,44853.56,0.2548,89,550
2024-W37,2024-09-08,18959.32,29157.89,0.3519,88,349
2024-W38,2024-09-15,11672.29,19962.21,0.3844,79,213
2024-W39,2024-09-22,6777.69,12469.77,0.4193,87,173
2024-W40,2024-09-29,7855.63,8768.54,-0.1590,84,144
2024-W41,2024-10-06,5095.84,6576.39,0.3513,84,115
2024-W42,2024-10-13,3782.67,5578.04,0.2577,85,106
2024-W43,2024-10-20,3960.69,4279.73,-0.0471,80,78
2024-W44,2024-10-27,2458.75,3400.70,0.3792,87,92
2024-W45,2024-11-03,2564.67,2994.70,-0.0431,85,76
2024-W46,2024-11-10,2078.37,2367.26,0.1896,88,67
2024-W47,2024-11-17,1971.02,2204.69,0.0516,86,55
2024-W48,2024-11-24,2060.00,2036.46,-0.0451,83,49
2024-W49,2024-12-01,2346.67,2125.90,-0.1392,82,64
2024-W50,2024-12-08,2744.94,2383.87,-0.1697,81,46
2024-W51,2024-12-15,4074.60,3055.40,-0.4844,81,66
2024-W52,2024-12-22,,,,,113
2025-W01,2024-12-29,194.22,840.57,,10,142
2025-W02,2025-01-05,1486.92,1774.49,6.6560,106,138
2025-W03,2025-01-12,3642.33,2711.44,1.4496,113,83
2025-W04,2025-01-19,3005.06,3065.14,-0.1750,95,79
2025-W05,2025-01-26,2548.04,2920.82,-0.1521,93,56
2025-W06,2025-02-02,3209.35,2697.66,0.2595,89,66
2025-W07,2025-02-09,2335.58,2821.68,-0.2723,98,86
2025-W08,2025-02-16,2920.10,2917.13,0.2503,97,89
2025-W09,2025-02-23,3495.72,3646.87,0.1971,114,79
2025-W10,2025-03-02,4524.80,4409.26,0.2944,90,97
2025-W11,2025-03-09,5207.27,5593.63,0.1508,99,121
2025-W12,2025-03-16,7048.84,8090.69,0.3537,103,102
2025-W13,2025-03-23,12015.96,9264.71,0.7047,93,178
2025-W14,2025-03-30,8729.32,9293.84,-0.2735,100,159
2025-W15,2025-04-06,7136.24,7367.00,-0.1825,102,185
2025-W16,2025-04-13,6235.44,6188.61,-0.1262,102,174
2025-W17,2025-04-20,5194.15,5191.05,-0.1670,101,127
2025-W18,2025-04-27,4143.57,4952.46,-0.2023,99,115
2025-W19,2025-05-04,5519.67,4625.70,0.3321,98,146
2025-W20,2025-05-11,4213.86,4501.85,-0.2366,98,100
2025-W21,2025-05-18,3772.03,4479.60,-0.1049,113,99
2025-W22,2025-05-25,5452.91,4587.89,0.4456,106,105
2025-W23,2025-06-01,4538.73,4858.56,-0.1677,98,95
2025-W24,2025-06-08,4584.05,4179.68,0.0100,100,93
2025-W25,2025-06-15,3416.26,3522.86,-0.2547,96,63
2025-W26,2025-06-22,2568.28,3216.33,-0.2482,98,63
2025-W27,2025-06-29,3664.46,3721.41,0.4268,99,101
2025-W28,2025-07-06,4931.50,4548.82,0.3458,99,103
2025-W29,2025-07-13,5050.52,5952.51,0.0241,101,123
2025-W30,2025-07-20,7875.51,6322.24,0.5593,99,139
2025-W31,2025-07-27,6040.70,7043.90,-0.2330,102,220
2025-W32,2025-08-03,7215.49,8570.11,0.1945,102,272
2025-W33,2025-08-10,12454.14,10781.12,0.7260,99,302
2025-W34,2025-08-17,12673.73,13256.28,0.0176,115,367
2025-W35,2025-08-24,14640.97,15271.78,0.1552,102,406
2025-W36,2025-08-31,18500.65,17115.14,0.2636,104,433
2025-W37,2025-09-07,18203.79,16946.27,-0.0160,100,459
2025-W38,2025-09-14,14134.37,15335.87,-0.2235,100,432
2025-W39,2025-09-21,13669.44,12909.80,-0.0329,102,399
2025-W40,2025-09-28,10925.58,10523.24,-0.2007,109,305
2025-W41,2025-10-05,6974.68,7669.89,-0.3616,106,228
2025-W42,2025-10-12,5109.40,5412.51,-0.2674,110,196
2025-W43,2025-10-19,4153.43,4486.76,-0.1871,106,180
2025-W44,2025-10-26,4197.43,4103.64,0.0106,111,201
2025-W45,2025-11-02,3960.05,3592.76,-0.0566,107,153
2025-W46,2025-11-09,2620.81,3295.03,-0.3382,104,145
2025-W47,2025-11-16,3304.23,3150.95,0.2608,101,135
2025-W48,2025-11-23,3527.82,3029.80,0.0677,92,138
2025-W49,2025-11-30,2257.36,2472.09,-0.3601,98,106
2025-W50,2025-12-07,1631.10,1853.91,-0.2774,96,101
2025-W51,2025-12-14,1673.27,1652.18,0.0259,100,83
2025-W52,2025-12-21,,,,,66
2026-W01,2025-12-28,3742.17,2855.51,,4,60
2026-W02,2026-01-04,1968.85,2646.26,-0.4739,100,61
2026-W03,2026-01-11,2227.75,2076.94,0.1315,99,41
2026-W04,2026-01-18,2034.23,1942.37,-0.0869,102,51
2026-W05,2026-01-25,1565.14,1709.24,-0.2306,102,59
2026-W06,2026-02-01,1528.33,1533.29,-0.0235,98,51
2026-W07,2026-02-08,1506.40,1357.51,-0.0144,90,61
2026-W08,2026-02-15,1037.79,1242.70,-0.3111,93,38
2026-W09,2026-02-22,1183.90,1078.55,0.1408,94,43
2026-W10,2026-03-01,1013.95,1101.64,-0.1436,89,41
2026-W11,2026-03-08,1107.07,1129.17,0.0918,93,29
2026-W12,2026-03-15,1266.48,1241.15,0.1440,94,43
2026-W13,2026-03-22,1349.90,1425.51,0.0659,104,47
2026-W14,2026-03-29,1660.15,1500.98,0.2298,103,46
2026-W15,2026-04-05,1492.89,1476.38,-0.1007,93,55
2026-W16,2026-04-12,1276.11,1349.37,-0.1452,95,63
2026-W17,2026-04-19,1279.11,1179.46,0.0024,96,56
2026-W18,2026-04-26,983.17,1014.59,-0.2314,98,40
2026-W19,2026-05-03,781.50,859.68,-0.2051,87,40
2026-W20,2026-05-10,814.37,757.70,0.0421,87,42
2026-W21,2026-05-17,677.23,725.13,-0.1684,83,29
2026-W22,2026-05-24,683.78,605.21,0.0097,62,30
2026-W23,2026-05-31,454.62,590.85,-0.3351,68,9
2026-W24,2026-06-07,634.14,527.88,0.3949,71,16
2026-W25,2026-06-14,494.89,649.70,-0.2196,61,14
2026-W26,2026-06-21,820.08,669.25,0.6571,72,10
2026-W27,2026-06-28,692.78,727.51,-0.1552,75,12
2026-W28,2026-07-05,669.65,881.83,-0.0334,85,15
2026-W29,2026-07-12,1283.06,1055.25,0.9160,90,15
2026-W30,2026-07-19,1213.03,1352.46,-0.0546,97,23
2026-W31,2026-07-26,1561.29,1632.77,0.2871,101,27
2026-W32,2026-08-02,2123.98,2128.80,0.3604,106,48
2026-W33,2026-08-09,2701.14,2458.91,0.2717,109,57
2026-W34,2026-08-16,2551.62,3598.56,-0.0554,110,61
2026-W35,2026-08-23,5542.94,5086.05,1.1723,108,115
2026-W36,2026-08-30,7163.60,6353.27,0.2924,107,193
